Feature,Entropy,Gini,Information_Gain
Total Volume,2.321928094887362,0.7999999999999998,0.67828011249508
AveragePrice,2.3213996217402575,0.799853258916006,0.3404614468032605
4046,2.321928094887362,0.7999999999999998,0.5259563998365158
4225,2.321928094887362,0.7999999999999998,0.5630447721384227
4770,,,
