Feature,Importance
AveragePrice,0.04465966612197969
4225,0.04613433594616502
4046,0.054955043248749946
4770,0.11479307760064983
Total Volume,0.7394578770824556
